#,Resort,Official site,Site status,Total docs,factsheet (latest yr),wedding (latest yr),events (latest yr),destination_dining (latest yr),map (latest yr),spa_menu (latest yr),dining_menu (latest yr),dive_prices (latest yr),excursions (latest yr),kids (latest yr),villa_plans (latest yr),all_inclusive (latest yr),sustainability (latest yr),calendar (latest yr),brochure (latest yr),press_kit (latest yr),Latest factsheet,Latest wedding doc,Latest events doc,Latest destination dining doc,Gaps
1,Six Senses Laamu,https://www.sixsenses.com/en/resorts/laamu,blocked,3,,,,,,,,,,,2026,,2024,,,,,,,,"factsheet, wedding, events"
2,Filitheyo Island Resort,https://www.filitheyo.com/,blocked-partial,0,,,,,,,,,,,,,,,,,,,,,"factsheet, wedding, events"
3,Adaaran Select Hudhuranfushi,https://www.adaaran.com/selecthudhuranfushi/,ok,23,2026,2027,2027,,2025,,2025,2026,2026,,,2026,2026,,2023,,https://www.adaaran.com/selecthudhuranfushi/view-download/?id=menu-16,https://www.adaaran.com/selecthudhuranfushi/view-download/?id=ASHW,https://www.adaaran.com/selecthudhuranfushi/view-download/?id=hrf-mice,,
4,Ayada Maldives,https://www.ayadamaldives.com/,ok,33,2024,2024,,2022,,,2024,2025,,,,2025,,,2026,2023,https://www.neoscapesmaldives.com/wp-content/uploads/Ayada-Maldives-Factsheet.pdf,https://www.ayadamaldives.com/s/Ayada-Maldives-Wedding-Package-2024.pdf,,https://www.ayadamaldives.com/s/Private-Dining-Menu-ca8b.pdf,events
5,Bolifushi Island Resort,https://www.ozenreservebolifushi.com/,blocked,2,2023,,,,2023,,,,,,,,,,,,https://www.neoscapesmaldives.com/wp-content/uploads/OZEN-RESERVE-BOLIFUSHI-Fact-Sheet.pdf,,,,"wedding, events"
6,Joali Being Bodufushi,https://www.joalibeing.com/,unreachable,2,2023,,,,2024,,,,,,,,,,,,https://www.neoscapesmaldives.com/wp-content/uploads/JoaliBeing_Factsheet_V13.pdf,,,,"wedding, events"
7,Joali Muravandhoo,https://www.joali.com/,unreachable,5,2023,,,,2023,,,,,,2026,,2026,,2026,,https://www.neoscapesmaldives.com/wp-content/uploads/JOALI-Maldives-Factsheet.pdf,,,,"wedding, events"
8,Hilton Maldives Amingiri Resort & Spa,https://www.hilton.com/en/hotels/mleamhi-hilton-maldives-amingiri-resort-and-spa/,unverified,5,2025,,,,2025,,,,,,,,,,,,https://www.neoscapesmaldives.com/wp-content/uploads/MLEAI_Factsheet-March-2025.pdf,,,,"wedding, events"
9,Amilla Fushi,https://amilla.com/,ok,100,2026,2026,,,2024,2026,2026,2026,2026,2025,2026,2025,2026,2024,2026,,https://amilla.com/wp-content/uploads/Amilla-Maldives_Fact-Sheet_2026.pdf,https://cdnm.heyzine.com/files/uploaded/v3/04df2b6e63a93cb41205ebd6ed21d4ba4359dce4-1.pdf,,,events
10,Dreamland - The Unique Sea & Lake Resort/Spa,https://dreamland.com.mv/,ok,22,2023,2023,,2023,2023,2023,2023,2023,2023,,,2023,,,,,https://dreamland.com.mv/wp-content/uploads/2024/08/DREAMLAND-GENERAL-INFORMATION-GERMAN-2023.pdf,https://dreamland.com.mv/wp-content/uploads/2024/08/DREAMLAND-VOW-CEREMONY-2023.pdf,,https://dreamland.com.mv/wp-content/uploads/2024/08/DreamLand-Private-BBQ-Seafood-Menu-2023.pdf,events
11,Angaga Island Resort and Spa,https://www.angaga.com.mv/,ok,27,2018,2018,,,,2018,2025,2018,2018,,,2018,,,,,https://www.angaga.com.mv/wp-content/uploads/2018/12/GENERAL-INFORMATION.pdf,https://www.angaga.com.mv/wp-content/uploads/2018/12/Angaga-Wedding-Package.pdf,,,events
12,Thulhagiri Island Resort & Spa,https://www.thulhagiri.com.mv/,ok,19,,,,2025,2025,2024,2025,2025,,,2018,2024,2025,,,2025,,,,https://www.thulhagiri.com.mv/wp-content/uploads/2025/10/Romantic-Beach-Dinner.pdf,"factsheet, wedding, events"
13,Sandies Bathala,https://www.planhotel.com/en/hotel/sandies-bathala-maldives,ok,32,,,2026,,,2018,2018,,,,2020,,2019,,,,,,https://d1vp8nomjxwyf1.cloudfront.net/wp-content/uploads/sites/212/2017/07/03081145/DIAMONDS-Malindi-MICE-Booklet-2026.pdf,,"factsheet, wedding"
14,Baglioni Resort Maldives,https://www.baglionihotels.com/maldives/,blocked,0,,,,,,,,,,,,,,,,,,,,,"factsheet, wedding, events"
15,Alila Kothaifaru Maldives,https://www.alilahotels.com/kothaifaru,blocked,2,2022,,,,2022,,,,,,,,,,,,https://www.neoscapesmaldives.com/wp-content/uploads/Alila-Kothaifaru-Maldives-Factsheet-2022.pdf,,,,"wedding, events"
16,JW Marriott Kaafu Atoll Island Resort,https://www.marriott.com/en-us/hotels/mlejk-jw-marriott-kaafu-atoll-island-resort/overview/,blocked,2,,,,,2024,,,,,,,,,,2024,,,,,,"factsheet, wedding, events"
17,Rihiveli Maldives Resort,https://www.rihiveli-maldives.com/,blocked-partial,0,,,,,,,,,,,,,,,,,,,,,"factsheet, wedding, events"
18,JW Marriott Maldives Resort & Spa,https://www.marriott.com/en-us/hotels/mlejw-jw-marriott-maldives-resort-and-spa/overview/,blocked,2,2023,,,,2025,,,,,,,,,,,,https://www.neoscapesmaldives.com/wp-content/uploads/JW-Marriott-Maldives-Resort-Spa-Factsheet-2023.pdf,,,,"wedding, events"
19,The Residence Maldives,https://www.cenizaro.com/theresidence/maldives-fm,ok,37,,2026,2024,2026,,2026,2026,2026,2021,2021,2025,,,2022,2019,2022,,https://www.cenizaro.com/docs/maldives-fm/Maldives_Wedding_Ceremony_Packages-2026.pdf,https://www.cenizaro.com//docs/maldives-fm/2024_TR_MALDIVES_MICE_FACTSHEET_FA_v3_PAGEBYPAGE.pdf,https://www.cenizaro.com/docs/bintan/Private_Dinner_-_Island_Inspired_Menu.pdf,factsheet
20,The Residence Maldives At Dhigurah,https://www.cenizaro.com/theresidence/maldives-dg,ok,27,,2022,,,,2026,2026,,2025,2026,2025,,,2022,,2022,,https://www.cenizaro.com/docs/maldives-dg/Maldives_Wedding_Ceremony_Packages.pdf,,,"factsheet, events"
21,Brennia Kottefaru,https://brennia.com/,ok,10,2025,,,,,2025,2025,2025,,,,,,,,,https://www.neoscapesmaldives.com/wp-content/uploads/English-Fact-Sheet-Resort-Map.pdf,,,,"wedding, events"
22,Barceló Whale Lagoon Maldives,https://www.barcelo.com/en-ww/hotels/maldives/,unverified,2,2026,,,,,,,,,,,,,,,2025,https://www.neoscapesmaldives.com/wp-content/uploads/Factsheet_MWLM_March2026_Digital-updated.pdf,,,,"wedding, events"
23,Nooe Maldives Kunavashi,https://nooemaldives.com/,ok,3,2024,,,,2024,,,,,,,,,2026,,,https://www.neoscapesmaldives.com/wp-content/uploads/NOOE-Maldives-Kunaavashi_Fact-Sheet-2024.pdf,,,,"wedding, events"
24,Canareef Resort Maldives,https://canareef.com/,ok,5,,,,,2023,,2025,,,,,,,2024,,,,,,,"factsheet, wedding, events"
25,Raffles Maldives Meradhoo Resort,https://www.raffles.com/maldives/,blocked,3,2026,,,,2026,,,,,,,,,2026,,,https://www.neoscapesmaldives.com/wp-content/uploads/Halcyon-Maldives-Factsheet-2026.pdf,,,,"wedding, events"
26,Centara Ras Fushi Resort & Spa,https://www.centarahotelsresorts.com/centara/crf,ok,25,2025,2026,,,2020,2026,,,,,,2026,2021,,2026,,https://www.centarahotelsresorts.com/centara/sites/centara-centara/files/2025-12/609_CRF_Factsheet_Y251203.pdf,https://www.centarahotelsresorts.com/sites/centara-global/files/2026-09/13339_CHR_Wedding_Brochure_Y260921_withEdited.pdf,,,events
27,Grand Park Kodhipparu Maldives,https://www.parkhotelgroup.com/grand-park-kodhipparu-maldives,ok,21,2023,,2027,,2022,2022,2026,,2025,,,,,2026,,,https://maldives.ru/doc/GrandPark-Kodiparru-Resort-Factsheet-2023.pdf,,https://document-tc.galaxy.tf/wdpdf-e3qcqstd984ityrjewx07jy6/corporate-social-events_cms-document.pdf,,wedding
28,Kudadoo Maldives Private island,https://www.kudadoo.com/,ok,28,2025,,,,2025,2025,2019,,2025,,,2025,2025,2026,,,https://sales.crownandchamparesorts.com/wp-content/uploads/2025/12/KudadooFactsheet110125103126Ver0526255.pdf,,,,"wedding, events"
29,Dheruhfinolhu by Jawakara Islands Maldives,https://www.jawakaraislands.com/,ok,6,,,,,2023,,,,,,,,,2026,,,,,,,"factsheet, wedding, events"
30,Hurawalhi Island Resort,https://www.hurawalhi.com/,ok,15,2023,2019,,,2022,,,,2019,,,,2025,2024,,,https://sales.crownandchamparesorts.com/wp-content/uploads/2023/08/FactSheetHurawalhi110123103124Ver030123.pdf,https://sales.crownandchamparesorts.com/wp-content/uploads/2020/01/HurawalhiCeremoniesPackagesVer110719.pdf,,,events
31,Innahura Maldives Resort,https://www.innahura.com/,ok,6,2021,,,,,,,,,,,2021,,2024,,,https://sales.crownandchamparesorts.com/wp-content/uploads/2023/08/FactSheetInnahura110121103122Ver110121.pdf,,,,"wedding, events"
32,Cocoon Maldives,https://www.cocoonmaldives.com/,ok,8,2025,,,,2025,2023,2025,,,,,,,,,,https://www.neoscapesmaldives.com/wp-content/uploads/Cocoon-Maldives-_-Fact-Sheet.pdf,,,,"wedding, events"
33,Dhigali Maldives,https://www.nivadhigali.com/,ok,107,2026,2027,,2026,2022,2026,2026,2026,2026,2026,,2026,2026,2026,,,https://www.nivadhigali.com/wp-content/uploads/2026/01/DHIGALI_Factsheet.pdf,https://www.nivahotelsandresorts.com/wp-content/uploads/2026/05/Wedding-Brochure-NIVA-LR-1.pdf,,https://www.nivadhigali.com/wp-content/uploads/2026/02/Floating-Breakfast-NIVA-LR-1.pdf,events
34,Adaaran Select Meedhupparu,https://www.adaaran.com/selectmeedhupparu/,ok,13,2026,2026,,,,,2025,2026,,2025,,2026,2025,,,,https://www.adaaran.com/selectmeedhupparu/view-download/?id=asm-factsheet,https://www.adaaran.com/selectmeedhupparu/view-download/?id=ASMW,,,events
35,Heritance Aarah,https://www.heritancehotels.com/aarah/,ok,189,2026,2026,,,2022,2025,2026,2025,2026,2021,,2026,2026,,2026,,https://heritancehotels.eme-devops.com/sites/2/2026/09/Heritance-Aarah-Fact-Sheet.pdf,https://heritancehotels.eme-devops.com/2026/09/Heritance-Aarah-Wedding-Document.pdf,,,events
36,Coastline Residences,https://www.hugedomains.com/domain_profile.cfm?d=coastlineresidences.com,unverified,0,,,,,,,,,,,,,,,,,,,,,"factsheet, wedding, events"
37,The Ritz Carlton Maldives Fari Islands,https://www.ritzcarlton.com/en/hotels/mlerz-the-ritz-carlton-maldives-fari-islands/overview/,unreachable,2,2021,,,,2022,,,,,,,,,,,,https://www.neoscapesmaldives.com/wp-content/uploads/The-Ritz-Carlton-Maldives-Factsheet.pdf,,,,"wedding, events"
38,Veligandu Maldives Resort Island,https://veligandu.com/,ok,54,2026,2025,,,2026,2025,2024,2026,2026,,2025,2026,2026,2026,2025,,https://veligandu.com/wp-content/uploads/2025/06/Factsheet-W25-26S26Ver17062025.pdf,https://veligandu.com/wp-content/uploads/2024/09/Veli-HoneymoonGuestInfoRenewalsOfVows_110124-103125_Rev081524-240924.pdf,,,events
39,NH Collection Maldives Havodda Resort,https://www.nh-hotels.com/en/hotel/nh-collection-maldives-havodda-resort,blocked,2,2018,,,,2019,,,,,,,,,,,,https://neoscapesmaldives.com/wp-content/uploads/Amari-Havodda-Factsheet.pdf,,,,"wedding, events"
40,Le Méridien Maldives Resort and Spa,https://www.marriott.com/en-us/hotels/mlemd-le-meridien-maldives-resort-and-spa/overview/,blocked,2,2021,,,,2022,,,,,,,,,,,,https://www.neoscapesmaldives.com/wp-content/uploads/Resort-Factsheet-Le-Meridien-Maldives.pdf,,,,"wedding, events"
41,Ozen By Atmosphere At Maadhoo,https://www.theozencollection.com/ozenlife-maadhoo/,unverified,11,2025,,,,2023,2022,,,,,,,,,,,https://www.neoscapesmaldives.com/wp-content/uploads/OZEN-LIFE-MAADHOO-Fact-Sheet-2025.pdf,,,,"wedding, events"
42,Dhiggiri Tourist Resort,https://www.dhiggiri.com/,ok,0,,,,,,,,,,,,,,,,,,,,,"factsheet, wedding, events"
43,Dhigufaru Island Resort,https://dhigufaru.com/,ok,10,2025,2024,,,,2017,,,,,2016,,,,2018,,https://dhigufaru.com/app/wp-content/uploads/2026/06/Dhigufaru-Fact-Sheet-English.pdf,https://dhigufaru.com/app/wp-content/uploads/2024/12/Dhigufaru-Wedding-Proposal-Packages-2024.pdf,,,events
44,Hard Rock Hotel Maldives,https://hotel.hardrock.com/maldives/,ok,45,,2026,,2022,2026,2026,2026,,,,,,2024,,2025,,,https://hotel.hardrock.com/maldives/files/6016/HRH_Wedding_Brochure_2026.pdf,,https://hotel.hardrock.com/los-cabos/files/6148/Romantic-Dinner-Hard-Rock-Hotel-Los-Cabos.pdf,"factsheet, events"
45,Saii Lagoon Maldives,https://www.saiihotels.com/lagoon-maldives/,ok,73,2025,,,2025,2026,2025,2026,2026,2026,2026,2025,2026,2024,2026,,,https://www.saiihotels.com/wp-content/uploads/2025/10/SAii-Lagoon-Maldives-Factsheet-2025.pdf,,,https://www.saiihotels.com/wp-content/uploads/2025/10/Dinner-on-the-beach.pdf,"wedding, events"
46,SO/ Maldives,https://www.so-hotels.com/en/maldives/,ok,58,2025,2026,2026,2025,2026,2026,2026,2025,2026,,,2026,2025,2026,,2026,https://www.neoscapesmaldives.com/wp-content/uploads/SO-Maldives-Factsheet_Eng.pdf,https://so-hotels.com/wp-content/uploads/sites/19/2026/03/SOWedding_Brochure.pdf,https://so-hotels.com/wp-content/uploads/sites/19/2026/04/so_vienna_meetings-and-celebrations_brochure_DE-2026.pdf,https://so-hotels.com/wp-content/uploads/sites/19/2024/08/so_maldives_destination-dining_1225.pdf,
47,"Park Hyatt Maldives, Hadahaa",https://www.hyatt.com/en-US/hotel/maldives/park-hyatt-maldives-hadahaa/mlemh,unverified,0,,,,,,,,,,,,,,,,,,,,,"factsheet, wedding, events"
48,Dusit Thani Maldives,https://www.dusit.com/dusitthani-maldives/,unverified,6,2026,,,,2024,,,,,,,,,2026,,,https://www.neoscapesmaldives.com/wp-content/uploads/New-Dusit-Thani-Maldives-Property-Fact-Sheet-1.pdf,,,,"wedding, events"
49,Vakkaru Maldives,https://www.vakkarumaldives.com/,ok,34,2025,2019,,,2019,2026,2026,2019,2026,,2017,2019,,2024,2026,2022,https://www.vakkarumaldives.com/pdfs/vakkaru-maldives-fact-sheet-2025.pdf,https://www.vakkarumaldives.com/pdfs/vakkaru-maldives-awarded-favorite-romantic-getaway.pdf,,,events
50,Sun Siyam Olhuveli Maldives,https://www.sunsiyam.com/sun-siyam-olhuveli/,ok,24,2026,2025,2026,,2026,2022,2025,2026,2026,2024,,,,2027,,,https://www.sunsiyam.com/media/21sbkbn1/factsheet-olhuveli-2026-aug.pdf,https://www.sunsiyam.com/media/g0lnezdr/wedding-package-ssom-2024-2025-direct.pdf,https://www.sunsiyam.com/media/gkhhf31k/ssr-mice-digital-book-2026.pdf,,
51,Emerald Maldives Resort & Spa Fasmendho,https://www.emerald-maldives.com/,ok,18,,,,,2025,2022,,2026,,,2022,2020,2025,,2026,,,,,,"factsheet, wedding, events"
52,Eri Maldives,https://erimaldives.com/,ok,21,2026,2026,,2026,2028,2026,2026,2026,2025,,,2028,,,2026,,https://d7h9v39iheghu.cloudfront.net/previews/7837a234-9635-4da8-b132-476aacd9b4c1/d6f35137-6068-41a9-96c1-bb25264b80c9/8ee78a05-4865-4cc5-9e4c-09fb2b6ca406?Policy=eyJTdGF0ZW1lbnQiOiBbeyJSZXNvdXJjZSI6Imh0dHBzOi8vZDdoOXYzOWloZWdodS5jbG91ZGZyb250Lm5ldC9wcmV2aWV3cy83ODM3YTIzNC05NjM1LTRkYTgtYjEzMi00NzZhYWNkOWI0YzEqIiwiQ29uZGl0aW9uIjp7IkRhdGVMZXNzVGhhbiI6eyJBV1M6RXBvY2hUaW1lIjoxNzkzNjg0MDEwfX19XX0_&Signature=0NCrDHEtg~3Ag4tUAPQa6ilJ6cyZ~w4zVuMSD7cG~r-mqETwrHjP~ymbFvuB7vZlbnPnlWCA1ED5pRAzfLnrljg2GzmBKzehdZ5pgyEdg2DhUh1PdoH9P3mOCEtIvAjK8OJMABLlrsk9l-sKHGYMa1a1Cwv28E-vbs9wjG1faMxEGG67VKe8YrbKJea-zq31p-n-SwDxEgYcBaFhSoyAOtk-LQQh4YnbO4e3Mh1O3qhd1CUPoi~QB1~gR8sul5CK0VJQczSIV5ZAIetLpT6YzKJjTsyOlpvwM1Ndaf6IhiW6ocfSJj45JPk5h8YsmO05fa9p1P7DalJRXVD6AH0o6g__&Key-Pair-Id=APKAJXJN6VNR3OLZJXJA,https://d7h9v39iheghu.cloudfront.net/previews/7837a234-9635-4da8-b132-476aacd9b4c1/d10617e8-ce68-4acc-8fc4-e29b9ab61393/d10617e8-ce68-4acc-8fc4-e29b9ab61393?Policy=eyJTdGF0ZW1lbnQiOiBbeyJSZXNvdXJjZSI6Imh0dHBzOi8vZDdoOXYzOWloZWdodS5jbG91ZGZyb250Lm5ldC9wcmV2aWV3cy83ODM3YTIzNC05NjM1LTRkYTgtYjEzMi00NzZhYWNkOWI0YzEqIiwiQ29uZGl0aW9uIjp7IkRhdGVMZXNzVGhhbiI6eyJBV1M6RXBvY2hUaW1lIjoxNzkzNjg0MDEwfX19XX0_&Signature=0NCrDHEtg~3Ag4tUAPQa6ilJ6cyZ~w4zVuMSD7cG~r-mqETwrHjP~ymbFvuB7vZlbnPnlWCA1ED5pRAzfLnrljg2GzmBKzehdZ5pgyEdg2DhUh1PdoH9P3mOCEtIvAjK8OJMABLlrsk9l-sKHGYMa1a1Cwv28E-vbs9wjG1faMxEGG67VKe8YrbKJea-zq31p-n-SwDxEgYcBaFhSoyAOtk-LQQh4YnbO4e3Mh1O3qhd1CUPoi~QB1~gR8sul5CK0VJQczSIV5ZAIetLpT6YzKJjTsyOlpvwM1Ndaf6IhiW6ocfSJj45JPk5h8YsmO05fa9p1P7DalJRXVD6AH0o6g__&Key-Pair-Id=APKAJXJN6VNR3OLZJXJA,,https://d7h9v39iheghu.cloudfront.net/previews/7837a234-9635-4da8-b132-476aacd9b4c1/f4c17a44-1a32-4877-b4dc-3acda996dc1b/f4c17a44-1a32-4877-b4dc-3acda996dc1b?Policy=eyJTdGF0ZW1lbnQiOiBbeyJSZXNvdXJjZSI6Imh0dHBzOi8vZDdoOXYzOWloZWdodS5jbG91ZGZyb250Lm5ldC9wcmV2aWV3cy83ODM3YTIzNC05NjM1LTRkYTgtYjEzMi00NzZhYWNkOWI0YzEqIiwiQ29uZGl0aW9uIjp7IkRhdGVMZXNzVGhhbiI6eyJBV1M6RXBvY2hUaW1lIjoxNzkzNjg0MDEwfX19XX0_&Signature=0NCrDHEtg~3Ag4tUAPQa6ilJ6cyZ~w4zVuMSD7cG~r-mqETwrHjP~ymbFvuB7vZlbnPnlWCA1ED5pRAzfLnrljg2GzmBKzehdZ5pgyEdg2DhUh1PdoH9P3mOCEtIvAjK8OJMABLlrsk9l-sKHGYMa1a1Cwv28E-vbs9wjG1faMxEGG67VKe8YrbKJea-zq31p-n-SwDxEgYcBaFhSoyAOtk-LQQh4YnbO4e3Mh1O3qhd1CUPoi~QB1~gR8sul5CK0VJQczSIV5ZAIetLpT6YzKJjTsyOlpvwM1Ndaf6IhiW6ocfSJj45JPk5h8YsmO05fa9p1P7DalJRXVD6AH0o6g__&Key-Pair-Id=APKAJXJN6VNR3OLZJXJA,events
53,Cinnamon Hakuraa Huraa Maldives,https://www.cinnamonhotels.com/,ok,19,,,,,,,2025,,2024,,,2024,,,,,,,,,"factsheet, wedding, events"
54,Emerald Faarufushi Resort & Spa,https://www.emerald-faarufushi.com/,ok,15,,,,,2026,2025,,2023,,,,2025,2025,,2025,2026,,,,,"factsheet, wedding, events"
55,Fihaalhohi Maldives,https://fihalhohi.com/,unreachable,0,,,,,,,,,,,,,,,,,,,,,"factsheet, wedding, events"
56,Four Seasons Resort Maldives at Kuda Huraa,https://www.fourseasons.com/maldiveskh/,blocked,2,,,,,2019,,2019,,,,,,,,,,,,,,"factsheet, wedding, events"
57,Fushifaru Maldives,https://www.fushifaru.com/,blocked-partial,2,,,,,,,,,,,,,,2024,2026,,,,,,"factsheet, wedding, events"
58,Sirru Fen Fushi,https://www.fairmont-maldives.com/,ok,4,2023,,,,2019,,,2019,,,,,2026,,,,https://www.neoscapesmaldives.com/wp-content/uploads/Fairmont-Maldives-Fact-Sheet-2023.pdf,,,,"wedding, events"
59,Jumeirah Maldives Olhahali Island,https://www.jumeirah.com/en/stay/maldives/jumeirah-olhahali-island,ok,6,2025,,,,2025,2022,,,,,,,,2026,,,https://www.neoscapesmaldives.com/wp-content/uploads/Jumeirah-Olhahali-Island-Resort-Factsheet-2025.pdf,,,,"wedding, events"
60,Reethi Beach Resort,https://world.nh-hotels.com/en/nh-collection-maldives-reethi,unverified,0,,,,,,,,,,,,,,,,,,,,,"factsheet, wedding, events"
61,Equator Village,https://www.equatorvillage.com/,ok,6,2023,,,,,2023,2023,,,,,,,,,,https://www.equatorvillage.com/wp-content/uploads/2023/12/Equator-factsheet-2023-1.pdf,,,,"wedding, events"
62,Cora Cora Maldives,https://coracoraresorts.com/,ok,67,2021,2026,,,2026,2026,2026,2026,2026,2026,2026,,2026,2026,,,https://www.neoscapesmaldives.com/wp-content/uploads/CCM-Factsheet.pdf,https://coracoraresorts.com/wp-content/uploads/2026/01/CCM_Wedding-Package_2026.pdf,,,events
63,Hondaafushi Island Resort,https://www.hondaafushi.com/,ok,1,,,,,,,,,,,,,,,2025,,,,,,"factsheet, wedding, events"
64,Radisson Blu Resort Maldives,https://www.radissonhotels.com/en-us/hotels/radisson-blu-resort-maldives,unverified,3,,,,,2025,,2026,,,,,,,,,2025,,,,,"factsheet, wedding, events"
65,Cheval Blanc Randheli,https://www.chevalblanc.com/en/maison/randheli/,ok,14,2026,,,,,2026,2024,,2026,2026,,,,,2026,2024,https://awesomegetawaymaldives.com/wp-content/uploads/2026/04/Cheval-Blanc-Randheli.pdf,,,,"wedding, events"
66,Como Maalifushi,https://www.comohotels.com/maldives/como-maalifushi,ok,50,2026,2024,2025,2025,2024,2027,2025,2026,2026,2026,2025,,,2026,2027,,https://de87ve0y4m3tc.cloudfront.net/comohotels.com-2459770069/cms/pressroom/cmf_all_inclusive_factsheet.pdf,https://de87ve0y4m3tc.cloudfront.net/comohotels.dev.cendynecommerce.com-2459770069/cms/pressroom/cmf_wedding_brochure.pdf,https://de87ve0y4m3tc.cloudfront.net/comohotels.com-2459770069/cms/pressroom/como_maalifushi_brochure_privateislandbuyout.pdf,https://de87ve0y4m3tc.cloudfront.net/comohotels.com-2459770069/cms/pressroom/como_maalifushi_private_dining_brochure.pdf,
67,Waldorf Astoria Maldives Ithaafushi,https://www.waldorfastoriamaldives.com/,ok,44,2025,2025,,2025,2025,2026,2026,2025,2026,2025,,,,2026,,,https://www.neoscapesmaldives.com/wp-content/uploads/Fact-Sheet.pdf,https://www.waldorfastoriamaldives.com/wp-content/uploads/2025/07/Unforgettable-Honeymoon-and-Romantic-Anniversaries-TC-.pdf,,https://www.waldorfastoriamaldives.com/wp-content/uploads/2025/07/Destination-Dining-Brochure-V2.pdf,events
68,JA Manafaru,https://www.jaresortshotels.com/maldives/ja-manafaru,ok,5,2024,,,2026,2024,,,,,,,,,2027,,,https://www.neoscapesmaldives.com/wp-content/uploads/ja-jam-factsheet-digital.pdf,,,https://jaweb2019cdn.azureedge.net/assets/docs/default-source/jarh/siteredesign-docs/ja-mar-hall-menu/sample-private-dinner-menu.pdf?sfvrsn=2488d2a6_9,"wedding, events"
69,Adaaran Club Rannalhi,https://www.adaaran.com/clubrannalhi/,ok,16,2026,2026,,,2020,,2025,2026,2025,,,2026,2025,,2025,,https://www.adaaran.com/clubrannalhi/view-download/?id=acr-factsheet,https://www.adaaran.com/clubrannalhi/view-download/?id=acrweddingpack,,,events
70,Joy Island,https://www.joyisland.com/,ok,14,2026,2026,2026,2024,2026,2026,,,2025,,,,,2026,2024,,https://d7h9v39iheghu.cloudfront.net/previews/42de57ca-7efe-4d5a-8d86-d9172148eacf/712f206d-41a8-4b34-9995-3943d4414af0/712f206d-41a8-4b34-9995-3943d4414af0?Policy=eyJTdGF0ZW1lbnQiOiBbeyJSZXNvdXJjZSI6Imh0dHBzOi8vZDdoOXYzOWloZWdodS5jbG91ZGZyb250Lm5ldC9wcmV2aWV3cy80MmRlNTdjYS03ZWZlLTRkNWEtOGQ4Ni1kOTE3MjE0OGVhY2YqIiwiQ29uZGl0aW9uIjp7IkRhdGVMZXNzVGhhbiI6eyJBV1M6RXBvY2hUaW1lIjoxNzkzNjk2OTU2fX19XX0_&Signature=Vzs-zJl8tl5ac3bWITSsHUZQxqBbKumCntqITMi707QlgNawp35AYETVu1lHU6NlchvstDJ4ejGVpVOhrU-oyvcxqwRXcMBCp7gUdjvEIB7VYeYEz4xQfg2V14KAKWS4NIz4SlHdXWdqmlhoi2S0VtUKbJPqjYa95uNR2ltFKIDtBc5oDkrafWTKW4gIvesGI-rVf79HGAyP4qx871btzz2MdWwRRFNK5Od7jBPE25tRZSgCkrdsNMC6h0PaRFrpAUN4WSxvO4b93M2vvjFy-By6Rw27FQAVU3YHu~jhZ0RH0m-gTjcs4SVkM2Dd6IZ8K0g4UkB5mZwvYClMwvtn1Q__&Key-Pair-Id=APKAJXJN6VNR3OLZJXJA,https://cdnm.heyzine.com/flip-book/pdf/b1f0f96ff265d012f55d6fbd78eac7ce1d69c094.pdf,https://cdnm.heyzine.com/flip-book/pdf/561203caf7c34ac7410e440e2fb87685515def06-2.pdf,https://cdnm.heyzine.com/files/uploaded/d7e764db3df5c310bca8c74afb4f92061e17c4bc.pdf,
71,Kagi Maldives Resort and Spa,https://kagimaldives.com/,ok,130,2026,2021,,,2026,2025,2026,2025,2020,,2019,2025,2024,2026,,,https://kagimaldives.com/wp-content/uploads/2026/07/FactSheetKagi110126103127Ver120726.pdf,https://kagimaldives.com/wp-content/uploads/2021/01/Kagi_PureRomanceWeddings2021.pdf,,,events
72,Embudhu Village,https://www.embuduvillage.com/,ok,15,2023,2026,,,,2024,2025,,,,2025,,2025,,,,https://embuduvillage.eme-devops.com/2023/12/Embudu-Village-Fact-Sheet-2023.pdf,https://embuduvillage.eme-devops.com/2026/04/Simple-Wedding-Package.pdf,,,events
73,Summer Island Maldives,https://www.summerislandmaldives.com/,ok,20,2026,,,,2025,2023,2023,2023,,,2023,2023,,2023,,2023,https://www.summerislandmaldives.com/wp-content/uploads/2026/04/Summer-Island-Maldives-Fact-Sheet-2026-04.pdf,,,,"wedding, events"
74,Kandolhu Island Maldives,https://www.kandolhu.com/,ok,78,2019,2025,2026,2026,2025,2025,2026,2025,2015,2026,2017,2025,2026,2026,,2025,https://www.neoscapesmaldives.com/wp-content/uploads/kandolhu-maldives-factsheet.pdf,https://www.kandolhu.com/wp-content/uploads/2026/08/Kandolhu-Renewal-of-Vows.pdf,https://www.kandolhu.com/wp-content/uploads/2026/09/Kandolhu-Corporate-social-responsibility-policy-updated.pdf,https://www.kandolhu.com/wp-content/uploads/2026/10/Kandolhu-Private-Dining-Poster.pdf,
75,Kandima Maldives,https://kandima.com/en/,ok,43,2025,2024,,,2025,,2026,,2023,2024,2024,,,2024,2026,2024,https://d7h9v39iheghu.cloudfront.net/previews/7837a234-9635-4da8-b132-476aacd9b4c1/08d5fb4a-3c75-4f03-9593-362d00c15bcf/e2bbc463-d094-42fa-b480-fd9cdbb53f46?Policy=eyJTdGF0ZW1lbnQiOiBbeyJSZXNvdXJjZSI6Imh0dHBzOi8vZDdoOXYzOWloZWdodS5jbG91ZGZyb250Lm5ldC9wcmV2aWV3cy83ODM3YTIzNC05NjM1LTRkYTgtYjEzMi00NzZhYWNkOWI0YzEqIiwiQ29uZGl0aW9uIjp7IkRhdGVMZXNzVGhhbiI6eyJBV1M6RXBvY2hUaW1lIjoxNzkzNjg0MDEwfX19XX0_&Signature=0NCrDHEtg~3Ag4tUAPQa6ilJ6cyZ~w4zVuMSD7cG~r-mqETwrHjP~ymbFvuB7vZlbnPnlWCA1ED5pRAzfLnrljg2GzmBKzehdZ5pgyEdg2DhUh1PdoH9P3mOCEtIvAjK8OJMABLlrsk9l-sKHGYMa1a1Cwv28E-vbs9wjG1faMxEGG67VKe8YrbKJea-zq31p-n-SwDxEgYcBaFhSoyAOtk-LQQh4YnbO4e3Mh1O3qhd1CUPoi~QB1~gR8sul5CK0VJQczSIV5ZAIetLpT6YzKJjTsyOlpvwM1Ndaf6IhiW6ocfSJj45JPk5h8YsmO05fa9p1P7DalJRXVD6AH0o6g__&Key-Pair-Id=APKAJXJN6VNR3OLZJXJA,https://d7h9v39iheghu.cloudfront.net/previews/7837a234-9635-4da8-b132-476aacd9b4c1/31206170-5ea3-465a-a437-631202d5a54d/31206170-5ea3-465a-a437-631202d5a54d?Policy=eyJTdGF0ZW1lbnQiOiBbeyJSZXNvdXJjZSI6Imh0dHBzOi8vZDdoOXYzOWloZWdodS5jbG91ZGZyb250Lm5ldC9wcmV2aWV3cy83ODM3YTIzNC05NjM1LTRkYTgtYjEzMi00NzZhYWNkOWI0YzEqIiwiQ29uZGl0aW9uIjp7IkRhdGVMZXNzVGhhbiI6eyJBV1M6RXBvY2hUaW1lIjoxNzkzNjg0MDEwfX19XX0_&Signature=0NCrDHEtg~3Ag4tUAPQa6ilJ6cyZ~w4zVuMSD7cG~r-mqETwrHjP~ymbFvuB7vZlbnPnlWCA1ED5pRAzfLnrljg2GzmBKzehdZ5pgyEdg2DhUh1PdoH9P3mOCEtIvAjK8OJMABLlrsk9l-sKHGYMa1a1Cwv28E-vbs9wjG1faMxEGG67VKe8YrbKJea-zq31p-n-SwDxEgYcBaFhSoyAOtk-LQQh4YnbO4e3Mh1O3qhd1CUPoi~QB1~gR8sul5CK0VJQczSIV5ZAIetLpT6YzKJjTsyOlpvwM1Ndaf6IhiW6ocfSJj45JPk5h8YsmO05fa9p1P7DalJRXVD6AH0o6g__&Key-Pair-Id=APKAJXJN6VNR3OLZJXJA,,,events
76,Hideaway Beach Resort and Spa at Dhonakulhi Island Maldives,https://www.hideawaybeachmaldives.com/,ok,2,2020,,,,2018,,,,,,,,,,,,https://www.neoscapesmaldives.com/wp-content/uploads/Factsheet-Hideaway-Beach-Maldives-NEO.pdf,,,,"wedding, events"
77,Atmosphere Kanifushi Maldives,https://www.atmospherekanifushi.com/,ok,3,,,,,2019,,,,,,,,,2024,2025,,,,,,"factsheet, wedding, events"
78,Meeru Maldives Resort Island,https://www.meeru.com/,ok,62,2025,,,,2025,2024,2026,2025,2026,,,2026,2025,2026,2023,,https://www.meeru.com/wp-content/uploads/2025/11/FactSheetMeeru110125103126Ver01022025.pdf,,,,"wedding, events"
79,Komandoo Island Resort,https://www.komandoo.com/,ok,9,2025,,,,2025,,,,,,,2025,,2024,,,https://sales.crownandchamparesorts.com/wp-content/uploads/2025/12/KomandooFactsheet110125103126Ver170824.pdf,,,,"wedding, events"
80,Raaya by Atmosphere,https://www.raayamaldives.com/,ok,2,,,,,2025,,,,,,,,,,2025,,,,,,"factsheet, wedding, events"
81,Kuredu Island Resort,https://www.kuredu.com/,ok,9,2025,,,,2025,,,2020,,,,,,2024,,,https://sales.crownandchamparesorts.com/wp-content/uploads/2025/12/KureduFactsheet110125103126Rev301025.pdf,,,,"wedding, events"
82,Ifuru Island Maldives,https://www.ifuruisland.com/,ok,6,2023,,,,2024,2024,,,,,,,,2025,2025,,https://www.neoscapesmaldives.com/wp-content/uploads/IFURU-ISLAND-MALDIVES-Fact-Sheet.pdf,,,,"wedding, events"
83,Mabinhura by Jawakara Islands Maldives,https://www.jawakaraislands.com/,ok,6,,,,,2023,,,,,,,,,2026,,,,,,,"factsheet, wedding, events"
84,Alimatha Aquatic Resort,https://www.alimatha.com/,blocked-partial,0,,,,,,,,,,,,,,,,,,,,,"factsheet, wedding, events"
85,Centara Mirage Lagoon Maldives & Centara Grand Lagoon Maldives,https://www.centarahotelsresorts.com/centara/cmlm,ok,29,2025,,,2025,2026,,,,,,,2026,2021,,2026,,https://www.neoscapesmaldives.com/wp-content/uploads/Centara-Mirage-Lagoon-Factsheet-October-2025.pdf,,,https://www.centarahotelsresorts.com/centara/sites/centara-centara/files/2025-09/cmlm-floating-breakfast.pdf,"wedding, events"
86,Four Seasons Private Island Maldives at Voavah,https://www.fourseasons.com/maldivesvoavah/,blocked,0,,,,,,,,,,,,,,,,,,,,,"factsheet, wedding, events"
87,Four Seasons Resort Maldives at Landaa Giraavaru,https://www.fourseasons.com/maldiveslg/,blocked,4,,,,,2022,,,,,,,,2025,,,2015,,,,,"factsheet, wedding, events"
88,Holiday Inn Resort Kandooma Maldives,https://www.ihg.com/holidayinnresorts/hotels/us/en/kandooma-maldives/mlemv/hoteldetail,blocked,0,,,,,,,,,,,,,,,,,,,,,"factsheet, wedding, events"
89,Inter Continental Maldives Maamunagau,https://maldives.intercontinental.com/,blocked-partial,1,2020,,,,,,,,,,,,,,,,https://www.neoscapesmaldives.com/wp-content/uploads/InterContinental-Maldives-Maamunagau-Resort-Factsheet-NEO.pdf,,,,"wedding, events"
90,Six Senses Kanuhura,https://www.sixsenses.com/en/resorts/kanuhura,blocked,2,2018,,,,,,,,,,2026,,,,,,https://www.neoscapesmaldives.com/wp-content/uploads/Factsheet_2018_NEW.pdf,,,,"wedding, events"
91,Lily Beach Resort,https://www.lilybeachmaldives.com/,ok,2,2019,,,,2020,,,,,,,,,,,,https://www.neoscapesmaldives.com/wp-content/uploads/LilyBeach-Factsheet-Resort-NEO.pdf,,,,"wedding, events"
92,Amaya Kuda Rah Maldives,https://www.amayaresorts.com/,unverified,2,2024,,,,2024,,,,,,,,,,,,https://www.neoscapesmaldives.com/wp-content/uploads/NH-Maldives-Kuda-Rah-Fact-Sheet.pdf,,,,"wedding, events"
93,Maayafushi Tourist Resort,https://maayafushi.com/,unreachable,0,,,,,,,,,,,,,,,,,,,,,"factsheet, wedding, events"
94,Reethi Faru Resort,https://www.reethifaru.com/,ok,19,2026,2025,,,2026,2026,2026,2026,,,,2026,,2026,2016,,https://www.reethifaru.com/pdf/fact-sheets-english.pdf,https://www.reethifaru.com/pdf/renewal-of-vows.pdf,,,events
95,Malahini Kuda Bandos,https://malahini.mv/,ok,9,2017,,,,2023,,2026,2026,,,,,,,,,https://www.neoscapesmaldives.com/wp-content/uploads/Malahini-Kuda-Bandos-E-factsheet_2017.pdf,,,,"wedding, events"
96,Dhawa Ihuru,https://www.dhawa.com/maldives/ihuru,unreachable,22,2024,,2022,,2021,2026,,,2026,,2021,2019,,,2025,,https://www.neoscapesmaldives.com/wp-content/uploads/DHMVIH-Fact-Sheet.pdf,,https://www.banyantree.com/assets/2022-06/mice-bt-shanghai.pdf,,wedding
97,Angsana Resort & Spa Maldives - Velavaru,https://www.angsana.com/maldives/velavaru,ok,34,2024,,2022,,2021,2026,,,2026,2023,2022,2019,,,2025,,https://www.neoscapesmaldives.com/wp-content/uploads/Fact-Sheet-Angsana-Velavaru.pdf,,https://www.angsana.com/assets/2022-06/mice-an-velavaru_0.pdf,,wedding
98,Madifushi Private Island,https://www.madifushiprivateisland.com/,ok,6,,,,,,2026,2026,,,,,,,,,,,,,,"factsheet, wedding, events"
99,Conrad Maldives Rangali Island,https://www.conradmaldives.com/,ok,70,2025,2025,,2025,2026,2025,2026,2025,2025,2025,2026,2026,2016,2026,2026,2026,https://www.conradmaldives.com/wp-content/uploads/2025/12/CMRI-Villa-Factsheet-1.pdf,https://www.conradmaldives.com/wp-content/uploads/2025/12/CMRI_Wedding-Brochure_July2025-2.pdf,,https://www.conradmaldives.com/wp-content/uploads/2025/12/Island-Destination-Dining-Conrad-Maldives-Rangali-Island.pdf,events
100,Club Med Kanifinolhu,https://www.clubmed.us/r/kani/y,ok,3,2026,,,,,,,,,,,2024,2024,,,,https://factsheets.clubmed/en-us/factsheet_kanc.pdf,,,,"wedding, events"
101,Club Med Finolhu Villas,https://www.clubmed.co.uk/r/finolhu-villas/y,unreachable,0,,,,,,,,,,,,,,,,,,,,,"factsheet, wedding, events"
102,W Maldives,https://www.marriott.com/en-us/hotels/mlewh-w-maldives/overview/,blocked,10,2019,,,,2024,2022,2023,,2022,,,,,,2022,2023,https://neoscapesmaldives.com/wp-content/uploads/W_Retreat-Maldives-Factsheet.pdf,,,,"wedding, events"
103,Sheraton Maldives Full Moon Resort & Spa,https://www.marriott.com/en-us/hotels/mlesi-sheraton-maldives-full-moon-resort-and-spa/overview/,blocked,5,2018,,,,2025,,2020,,,,,,,2026,,,https://www.neoscapesmaldives.com/wp-content/uploads/Fact-Sheet_EN.pdf,,,,"wedding, events"
104,Medhufushi Island Resort,https://www.medhufushi.com/,blocked-partial,0,,,,,,,,,,,,,,,,,,,,,"factsheet, wedding, events"
105,Kuda Villingili Resort Maldives,https://www.kudavillingili.com/,ok,23,2025,2026,,,2027,2026,2026,,,,,,2022,2026,2026,2026,https://www.neoscapesmaldives.com/wp-content/uploads/241220_-_Factsheet.pdf,https://dhshr15av118h.cloudfront.net/2026/03/Wedding-Brochure-2026-Kuda-Villingili-1.pdf,,,events
106,Anantara Kihavah Villas,https://www.anantara.com/en/kihavah-maldives,blocked-partial,2,2022,,,,2022,,,,,,,,,,,,https://www.neoscapesmaldives.com/wp-content/uploads/Anantara_Kihavah_Maldives_Villas_Factsheet_Resort.pdf,,,,"wedding, events"
107,The Westin Maldives Miriandhoo Resort,https://www.marriott.com/en-us/hotels/mlewi-the-westin-maldives-miriandhoo-resort/overview/,blocked,1,,,,,,,,,,,,,,2024,,,,,,,"factsheet, wedding, events"
108,Rahaa Resort,https://rahaaresort.com/,ok,1,,,,,2024,,,,,,,,,,,,,,,,"factsheet, wedding, events"
109,Constance Moofushi Resort,https://www.constancehotels.com/en/hotels-resorts/maldives/moofushi/,blocked-partial,3,2023,,,,2019,,,,,,,,,,,,https://www.neoscapesmaldives.com/wp-content/uploads/moofushi-factsheet-en-24april2023.pdf,,,,"wedding, events"
110,Furaveri Island Resort & Spa,https://furaveri.com/,ok,32,,2022,,,2028,2025,2025,2025,2025,,,,,,,,,https://furaveri.com/wp-content/uploads/2022/05/FM_Website_SignatureWeddingPackage-min.pdf,,,"factsheet, events"
111,Huvafenfushi Maldives,https://www.huvafenfushi.com/,ok,91,2026,2026,2017,2026,2024,2026,2026,2026,2024,2017,,,2026,2026,2026,,https://www.huvafenfushi.com/wp-content/uploads/2026/04/Huvafen-Factsheet-2026.pdf,https://www.huvafenfushi.com/wp-content/uploads/2026/06/Sand-and-Romance.pdf,https://www.huvafenfushi.com/wp-content/uploads/2026/06/HF-Corporate-Social-Responsibility.pdf,https://www.huvafenfushi.com/wp-content/uploads/2026/06/Sandbank-dinner.pdf,
112,Nika Island Resort and Spa,https://www.nikamaldives.com/,unreachable,3,2020,,,,2023,,,,,,,,,,,,https://www.neoscapesmaldives.com/wp-content/uploads/NIKA-FACT-SHEET-Nika-Island-Resort.pdf,,,,"wedding, events"
113,Mercure Maldives Kooddoo,https://www.mercure-maldives-kooddoo.com/,unreachable,0,,,,,,,,,,,,,,,,,,,,,"factsheet, wedding, events"
114,Gangehi Island Resort,https://www.gangehi.com/,unreachable,2,,,,,2023,,,,,,,,,,,,,,,,"factsheet, wedding, events"
115,Oblu Select by Atmosphere at Sangeli,https://www.coloursofoblu.com/oblu-select-sangeli,ok,5,,,,,2025,,,,,,2026,,,,2025,,,,,,"factsheet, wedding, events"
116,Nova Maldives,https://nova-maldives.com/,ok,69,2022,2025,,2025,2024,2026,2026,2026,2026,,2025,2025,,2023,2026,2026,https://www.neoscapesmaldives.com/wp-content/uploads/Factsheet-Nova-Maldives-NEO.pdf,https://d7h9v39iheghu.cloudfront.net/previews/7837a234-9635-4da8-b132-476aacd9b4c1/3f5ac883-372b-4221-8214-04fc6f0a4991/3f5ac883-372b-4221-8214-04fc6f0a4991?Policy=eyJTdGF0ZW1lbnQiOiBbeyJSZXNvdXJjZSI6Imh0dHBzOi8vZDdoOXYzOWloZWdodS5jbG91ZGZyb250Lm5ldC9wcmV2aWV3cy83ODM3YTIzNC05NjM1LTRkYTgtYjEzMi00NzZhYWNkOWI0YzEqIiwiQ29uZGl0aW9uIjp7IkRhdGVMZXNzVGhhbiI6eyJBV1M6RXBvY2hUaW1lIjoxNzkzNjg0MDEwfX19XX0_&Signature=0NCrDHEtg~3Ag4tUAPQa6ilJ6cyZ~w4zVuMSD7cG~r-mqETwrHjP~ymbFvuB7vZlbnPnlWCA1ED5pRAzfLnrljg2GzmBKzehdZ5pgyEdg2DhUh1PdoH9P3mOCEtIvAjK8OJMABLlrsk9l-sKHGYMa1a1Cwv28E-vbs9wjG1faMxEGG67VKe8YrbKJea-zq31p-n-SwDxEgYcBaFhSoyAOtk-LQQh4YnbO4e3Mh1O3qhd1CUPoi~QB1~gR8sul5CK0VJQczSIV5ZAIetLpT6YzKJjTsyOlpvwM1Ndaf6IhiW6ocfSJj45JPk5h8YsmO05fa9p1P7DalJRXVD6AH0o6g__&Key-Pair-Id=APKAJXJN6VNR3OLZJXJA,,https://d7h9v39iheghu.cloudfront.net/previews/7837a234-9635-4da8-b132-476aacd9b4c1/82e5e5f7-46b7-4f71-b7c1-ade9221cae32/82e5e5f7-46b7-4f71-b7c1-ade9221cae32?Policy=eyJTdGF0ZW1lbnQiOiBbeyJSZXNvdXJjZSI6Imh0dHBzOi8vZDdoOXYzOWloZWdodS5jbG91ZGZyb250Lm5ldC9wcmV2aWV3cy83ODM3YTIzNC05NjM1LTRkYTgtYjEzMi00NzZhYWNkOWI0YzEqIiwiQ29uZGl0aW9uIjp7IkRhdGVMZXNzVGhhbiI6eyJBV1M6RXBvY2hUaW1lIjoxNzkzNjg0MDEwfX19XX0_&Signature=0NCrDHEtg~3Ag4tUAPQa6ilJ6cyZ~w4zVuMSD7cG~r-mqETwrHjP~ymbFvuB7vZlbnPnlWCA1ED5pRAzfLnrljg2GzmBKzehdZ5pgyEdg2DhUh1PdoH9P3mOCEtIvAjK8OJMABLlrsk9l-sKHGYMa1a1Cwv28E-vbs9wjG1faMxEGG67VKe8YrbKJea-zq31p-n-SwDxEgYcBaFhSoyAOtk-LQQh4YnbO4e3Mh1O3qhd1CUPoi~QB1~gR8sul5CK0VJQczSIV5ZAIetLpT6YzKJjTsyOlpvwM1Ndaf6IhiW6ocfSJj45JPk5h8YsmO05fa9p1P7DalJRXVD6AH0o6g__&Key-Pair-Id=APKAJXJN6VNR3OLZJXJA,events
117,Niyama Maldives,https://www.niyama.com/,blocked-partial,3,2025,,,,2025,,,,,,,,,2026,,,https://www.neoscapesmaldives.com/wp-content/uploads/Niyama-Private-Islands-Maldives-Factsheet-2025.pdf,,,,"wedding, events"
118,Sun Siyam Iru Veli Maldives,https://www.sunsiyam.com/sun-siyam-iru-veli/,ok,11,2026,2025,,,2026,2025,,2026,2026,,,,,2026,,,https://www.sunsiyam.com/media/z0yluoa4/factsheet-iru-veli-2026.pdf,https://www.sunsiyam.com/media/tbdbylep/ultimate-honeymoon-ssiv.pdf,,,events
119,Outrigger Maldives Maafushivaru Resort,https://www.outrigger.com/hotels-resorts/maldives/outrigger-maldives-maafushivaru-resort,blocked,3,,,,,2020,,,,,,,,,,,,,,,,"factsheet, wedding, events"
120,Bandos Maldives,https://bandosmaldives.com/,ok,78,2026,2023,2026,,2026,2022,2026,2026,,,2026,,2026,2026,2026,,https://www.neoscapesmaldives.com/wp-content/uploads/BM_Factsheet-2026.pdf,https://bandosmaldives.com/wp-content/uploads/2024/02/Wedding-Packages.pdf,https://bandosmaldives.com/wp-content/uploads/2026/01/Festive-Event-Brochure-19.12.25.pdf,,
121,Cocoa Island,https://www.comohotels.com/maldives/como-cocoa-island,ok,40,2022,2024,2025,2023,2018,2027,2026,2023,2026,,2021,,,2026,2026,,https://de87ve0y4m3tc.cloudfront.net/comohotels.dev.cendynecommerce.com-2459770069/cms/pressroom/cci_groups_and_events_fact_sheet.pdf,https://de87ve0y4m3tc.cloudfront.net/comohotels.dev.cendynecommerce.com-2459770069/cms/pressroom/cci_wedding_brochure.pdf,https://de87ve0y4m3tc.cloudfront.net/comohotels.com-2459770069/cms/pressroom/como_cocoa_island_privateisland_buyout_brochure.pdf,https://de87ve0y4m3tc.cloudfront.net/comohotels.com-2459770069/cms/pressroom/como_cocoa_island_dining_privatediningbrochure.pdf,
122,Avani + Fares Maldives,https://www.avanihotels.com/en/fares-maldives,blocked-partial,5,,,,,,,,,,,,,,2026,2026,,,,,,"factsheet, wedding, events"
123,Pullman Maldives Maamutaa Resort,https://www.pullmanmaldivesmaamutaa.com/,blocked-partial,5,2020,,,,,,,,,,,,2026,,2022,,https://d2e5ushqwiltxm.cloudfront.net/wp-content/uploads/sites/209/2020/06/23204710/Pullman-Maldives_Aqua-Villa-Factsheet_June-2020.pdf,,,,"wedding, events"
124,Aanugandu Island Resort,https://aanugandu.mv/,unreachable,0,,,,,,,,,,,,,,,,,,,,,"factsheet, wedding, events"
125,Gili Lankanfushi,https://gili-lankanfushi.com/,ok,73,,,,2025,,2026,2026,,,,2026,,2023,2026,2026,,,,,https://gili-lankanfushi.com/wp-content/uploads/2026/01/Destination-Dining-Package-Jan-2025.pdf,"factsheet, wedding, events"
126,Centara Grand Island Resort & Spa Maldives,https://www.centarahotelsresorts.com/the-centara-collection/cirm,ok,20,2025,,,,,,,,,,,2018,2021,,2026,,https://www.centarahotelsresorts.com/the-centara-collection/sites/centara-the-centara-collection/files/2025-05/CIRM_FactSheet_2025_05_14.pdf,,,,"wedding, events"
127,Oaga Art Resort,https://oagaresorts.com/,ok,24,2026,,,,,2025,2025,,,,,2024,2024,2025,2025,2023,https://oagaresorts.com/wp-content/uploads/2026/08/1.-ENG-Oaga-Fact-sheet-2026_compressed.pdf,,,,"wedding, events"
128,"One & Only Reethi Rah, Maldives",https://www.oneandonlyresorts.com/reethi-rah,unreachable,4,2019,,,,2017,,2026,,,,,,,,,2026,https://www.neoscapesmaldives.com/wp-content/uploads/Factsheet-OneOnly-Reethi-Rah.pdf,,,,"wedding, events"
129,Riu Atoll and Riu Palace Maldivas,https://www.riu.com/en/hotel/maldives/dhaalu-atoll/hotel-riu-palace-maldivas,ok,4,,,,,,,,,,,,,2022,,2019,,,,,,"factsheet, wedding, events"
130,Robinson Noonu,https://www.robinson.com/de/clubs/robinson-noonu,unreachable,0,,,,,,,,,,,,,,,,,,,,,"factsheet, wedding, events"
131,Robinson Maldives,https://www.robinson.com/de/clubs/robinson-maldives,unreachable,0,,,,,,,,,,,,,,,,,,,,,"factsheet, wedding, events"
132,Noku Maldives,https://www.nokumaldives.com/,unreachable,3,2021,,,,2020,,,,,,,,,2027,,,https://www.neoscapesmaldives.com/wp-content/uploads/NM-Factsheet-July2021.pdf,,,,"wedding, events"
133,Oblu By Atmosphere at Helengeli,https://www.coloursofoblu.com/oblu-nature-helengeli,ok,11,,,,,2026,2022,,,,,,,,,2026,,,,,,"factsheet, wedding, events"
134,"The St. Regis Vommuli Resort, Maldives",https://www.marriott.com/en-us/hotels/mlexr-the-st-regis-maldives-vommuli-resort/overview/,blocked,6,2021,,,,,2026,2026,,2026,,,,,2026,,,https://www.neoscapesmaldives.com/wp-content/uploads/The-St.-Regis-Maldives-Fact-Sheet.pdf,,,,"wedding, events"
135,Diamonds Thudufushi Beach and Water Villas,https://www.diamondsresorts.com/en/diamonds-thudufushi,ok,13,2026,,,,2020,,2019,,2017,,2019,,,,,,https://d1vp8nomjxwyf1.cloudfront.net/wp-content/uploads/sites/544/2022/10/27105422/Diamonds-Leisure-Beach-Golf-Resort-Fact-Sheet-2026.pdf,,,,"wedding, events"
136,Finolhu Baa Atoll Maldives,https://www.finolhu.com/,ok,53,2026,2025,2025,,2020,2024,2025,2026,,,,2020,2025,2026,,,https://www.finolhu.com/wp-content/uploads/2025/10/Art-Lab-Fact-Sheet.pdf,https://www.finolhu.com/wp-content/uploads/2025/02/Wedding-Packages-2025.pdf,https://www.neoscapesmaldives.com/wp-content/uploads/D2MD-MICE-Brochure-2.pdf,,
137,Soneva Secret,https://soneva.com/resorts/soneva-secret/,ok,73,,,,,2026,,2025,,2025,2025,2026,2026,2024,2027,2027,2026,,,,,"factsheet, wedding, events"
138,Varu Island Resort,https://www.varu-atmosphere.com/,blocked-partial,3,,,,,2026,,,,,,,,,,2019,,,,,,"factsheet, wedding, events"
139,Kudafushi Resort & Spa,https://kudafushiresort.com/en/,ok,36,2019,2026,,2025,2019,2026,2026,2026,2026,2026,,2026,,2026,2025,,https://www.neoscapesmaldives.com/wp-content/uploads/KUDAFUSHI_FACTSHEET.pdf,https://kudafushiresort.com/en/wp-content/uploads/2026/08/KUDAFUSHI-WEDDING-PACKAGES.pdf,,https://kudafushiresort.com/en/wp-content/uploads/2026/08/ROMANTIC-DINNER-MENU.pdf,events
140,The Standard Huruvalhi Maldives,https://www.standardhotels.com/maldives/properties/huruvalhi,blocked,4,2025,,,,2024,,,,,,,,,,,,https://www.neoscapesmaldives.com/wp-content/uploads/STMV_Factsheet__Eng-.pdf,,,,"wedding, events"
141,Soneva Fushi Resort,https://soneva.com/resorts/soneva-fushi/,ok,42,2023,,,,2019,2025,2026,,,2026,2026,,2025,2026,,,https://soneva-offload-media-library.storage.googleapis.com/wp-content/uploads/2021/03/28174156/Soneva-Fushi-Crusoe-with-Pool-Factsheet.pdf,,,,"wedding, events"
142,Safari Island,https://safari-island.com/,ok,1,,,,,,,,2018,,,,,,,,,,,,,"factsheet, wedding, events"
143,Soneva Jani,https://soneva.com/resorts/soneva-jani/,ok,21,2019,,,,2026,,,2024,,,2026,,,2026,,,https://neoscapesmaldives.com/wp-content/uploads/11747_Soneva-Fushi-Factsheet-2019.pdf,,,,"wedding, events"
144,South Palm Resort Maldives,https://southpalm.com.mv/,unreachable,0,,,,,,,,,,,,,,,,,,,,,"factsheet, wedding, events"
145,Anantara Resort and Spa Maldives,https://www.anantara.com/en/dhigu-maldives,blocked,2,2023,,,,2021,,,,,,,,,,,,https://www.neoscapesmaldives.com/wp-content/uploads/Anantara_Dhigu_Maldives_Factsheet_January_2023.pdf,,,,"wedding, events"
146,Anantara Veli and Naladhu,https://www.naladhu.com/,blocked-partial,2,2023,,,,2023,,,,,,,,,,,,https://www.neoscapesmaldives.com/wp-content/uploads/Anantara_Veli_Maldives_Factsheet_January_2023.pdf,,,,"wedding, events"
147,Sun Siyam Vilu Reef Maldives,https://www.sunsiyam.com/sun-siyam-vilu-reef/,ok,8,2026,2025,,,2026,,2024,,2026,,,,,2026,,,https://www.sunsiyam.com/media/5q0hgbtr/factsheet-vilu-reef-2026-hr.pdf,https://www.sunsiyam.com/media/jv5nmz43/ultimate-honeymoon-ssvr.pdf,,,events
148,Sun Siyam Iru Fushi Maldives,https://www.sunsiyam.com/sun-siyam-iru-fushi/,ok,24,2026,2026,,,2027,,2026,,2020,,,2027,2026,2027,2026,2026,https://www.sunsiyam.com/media/kt3el3ns/iru-fushi_factsheet.pdf,https://www.sunsiyam.com/media/dzmlvgtf/ultimate-honeymoon-ssif.pdf,,,events
149,Biyaadhoo Island Resort,https://www.biyadhoo.com/,unreachable,0,,,,,,,,,,,,,,,,,,,,,"factsheet, wedding, events"
150,Coco Bodu Hithi,https://www.cococollection.com/bodu-hithi,ok,2,2020,,,,2025,,,,,,,,,,,,https://www.neoscapesmaldives.com/wp-content/uploads/02.-Coco-Bodu-Hithi-Factsheet.pdf,,,,"wedding, events"
151,Coco Palm Dhunikolhu,https://www.cococollection.com/dhuni-kolhu,ok,0,,,,,,,,,,,,,,,,,,,,,"factsheet, wedding, events"
152,Makunudu Island,https://makunudu.com/,ok,15,2024,2023,,,,2026,2025,2026,,,,,,2026,,,https://makunudu.com/wp-content/uploads/2024/11/Maknudu-Factsheet.pdf,https://makunudu.com/wp-content/uploads/2024/05/SimplyRomanticPackage.pdf,,,events
153,Taj Coral Reef Resort and Spa,https://www.tajhotels.com/en-in/taj/taj-coral-reef-maldives/,blocked,2,2021,,,,2021,,,,,,,,,,,,https://www.neoscapesmaldives.com/wp-content/uploads/FactSheet-Taj-Coral-Reef-Maldives-NEO.pdf,,,,"wedding, events"
154,Taj Exotica Resort & Spa Maldives,https://www.tajhotels.com/en-in/taj/taj-exotica-maldives/,blocked,2,2021,,,,2021,,,,,,,,,,,,https://www.neoscapesmaldives.com/wp-content/uploads/Factsheet-Taj-Exotica-Resort-Spa-_Maldives-NEO.pdf,,,,"wedding, events"
155,Constance Halaveli Resort,https://www.constancehotels.com/en/hotels-resorts/maldives/halaveli/,blocked,4,2023,,2026,,2024,,,,,,,,,,,,https://www.neoscapesmaldives.com/wp-content/uploads/halaveli-factsheet-en-24april2023.pdf,,https://maldives.ru/doc/static/Constance-Hotels-Resorts-Corporate-Brochure-En_removed%20(1).pdf,,wedding
156,Drift Theluveliga Retreat,https://drift-theluveliga.com/,unreachable,0,,,,,,,,,,,,,,,,,,,,,"factsheet, wedding, events"
157,The Nautilus Maldives,https://www.thenautilusmaldives.com/,blocked-partial,22,2026,2024,,,,2020,,,2024,,2019,2024,2025,,2025,2026,https://d7h9v39iheghu.cloudfront.net/previews/7837a234-9635-4da8-b132-476aacd9b4c1/397975b9-e453-4fa8-acb7-4ab8dbe8fb8e/397975b9-e453-4fa8-acb7-4ab8dbe8fb8e?Policy=eyJTdGF0ZW1lbnQiOiBbeyJSZXNvdXJjZSI6Imh0dHBzOi8vZDdoOXYzOWloZWdodS5jbG91ZGZyb250Lm5ldC9wcmV2aWV3cy83ODM3YTIzNC05NjM1LTRkYTgtYjEzMi00NzZhYWNkOWI0YzEqIiwiQ29uZGl0aW9uIjp7IkRhdGVMZXNzVGhhbiI6eyJBV1M6RXBvY2hUaW1lIjoxNzkzNjg0MDEwfX19XX0_&Signature=0NCrDHEtg~3Ag4tUAPQa6ilJ6cyZ~w4zVuMSD7cG~r-mqETwrHjP~ymbFvuB7vZlbnPnlWCA1ED5pRAzfLnrljg2GzmBKzehdZ5pgyEdg2DhUh1PdoH9P3mOCEtIvAjK8OJMABLlrsk9l-sKHGYMa1a1Cwv28E-vbs9wjG1faMxEGG67VKe8YrbKJea-zq31p-n-SwDxEgYcBaFhSoyAOtk-LQQh4YnbO4e3Mh1O3qhd1CUPoi~QB1~gR8sul5CK0VJQczSIV5ZAIetLpT6YzKJjTsyOlpvwM1Ndaf6IhiW6ocfSJj45JPk5h8YsmO05fa9p1P7DalJRXVD6AH0o6g__&Key-Pair-Id=APKAJXJN6VNR3OLZJXJA,https://d7h9v39iheghu.cloudfront.net/previews/7837a234-9635-4da8-b132-476aacd9b4c1/150965b8-c378-429f-b86d-b69fa7b7c567/150965b8-c378-429f-b86d-b69fa7b7c567?Policy=eyJTdGF0ZW1lbnQiOiBbeyJSZXNvdXJjZSI6Imh0dHBzOi8vZDdoOXYzOWloZWdodS5jbG91ZGZyb250Lm5ldC9wcmV2aWV3cy83ODM3YTIzNC05NjM1LTRkYTgtYjEzMi00NzZhYWNkOWI0YzEqIiwiQ29uZGl0aW9uIjp7IkRhdGVMZXNzVGhhbiI6eyJBV1M6RXBvY2hUaW1lIjoxNzkzNjg0MDEwfX19XX0_&Signature=0NCrDHEtg~3Ag4tUAPQa6ilJ6cyZ~w4zVuMSD7cG~r-mqETwrHjP~ymbFvuB7vZlbnPnlWCA1ED5pRAzfLnrljg2GzmBKzehdZ5pgyEdg2DhUh1PdoH9P3mOCEtIvAjK8OJMABLlrsk9l-sKHGYMa1a1Cwv28E-vbs9wjG1faMxEGG67VKe8YrbKJea-zq31p-n-SwDxEgYcBaFhSoyAOtk-LQQh4YnbO4e3Mh1O3qhd1CUPoi~QB1~gR8sul5CK0VJQczSIV5ZAIetLpT6YzKJjTsyOlpvwM1Ndaf6IhiW6ocfSJj45JPk5h8YsmO05fa9p1P7DalJRXVD6AH0o6g__&Key-Pair-Id=APKAJXJN6VNR3OLZJXJA,,,events
158,"Patina Maldives, Fari Islands",https://patinahotels.com/maldives,ok,6,2025,,,,2026,,,,,,,,,2027,2021,,https://www.neoscapesmaldives.com/wp-content/uploads/PAM_FACTSHEET_2025.pdf,,,,"wedding, events"
159,Cinnamon Dhonveli Maldives,https://www.cinnamonhotels.com/,ok,24,2023,,,,2025,,2025,,2024,,,2024,,2026,2023,,https://www.neoscapesmaldives.com/wp-content/uploads/Fact-sheet-Dhonveli.pdf,,,,"wedding, events"
160,Cinnamon Velifushi Maldives,https://www.cinnamonhotels.com/,ok,22,2023,,,,2025,,2025,,2024,,,2024,,2027,,,https://www.neoscapesmaldives.com/wp-content/uploads/Fact-sheet-Velifushi.pdf,,,,"wedding, events"
161,Ellaidhoo Maldives By Cinnamon,https://www.cinnamonhotels.com/,ok,21,,,,,2022,,2025,,2024,,,2024,,2027,,,,,,,"factsheet, wedding, events"
162,The Marina at Crossroads Maldives,https://crossroadsmaldives.com/,ok,93,,,,,2026,2026,2026,2026,2026,2026,2026,2026,2025,2026,2026,2025,,,,,"factsheet, wedding, events"
163,Adaaran Prestige Vadoo,https://www.adaaran.com/prestigevadoo/,ok,18,2026,2026,,,2023,2022,2025,2026,,,,2026,2025,,,,https://www.adaaran.com/prestigevadoo/view-download/?id=apv-fact-sheet,https://www.adaaran.com/prestigevadoo/view-download/?id=PVW,,,events
164,Baros Maldives,https://www.baros.com/,ok,91,2026,2026,,,2024,2026,2025,2026,2026,,,2027,2016,2026,2026,2024,https://www.baros.com/wp-content/uploads/2026/06/Baros-Factsheet-June-2026.pdf,https://www.baros.com/wp-content/uploads/2026/04/Renewal-of-Vows-Baros-Maldives-2026.pdf,,,events
165,Velassaru Maldives,https://www.nivavelassaru.com/,ok,75,2026,2026,,,2026,2026,2026,2026,,2026,,,2026,2026,2026,,https://www.nivavelassaru.com/wp-content/uploads/2026/01/Niva-Velassaru_Factsheet.pdf,https://www.nivavelassaru.com/wp-content/uploads/2026/05/Renewal-of-Vows.pdf,,,events
166,Kuramathi Maldives,https://www.kuramathi.com/,ok,16,2026,2026,,,2019,,2026,,,2026,,,,2015,,2027,https://www.nivakurumba.com/wp-content/uploads/2026/02/Kuramathi-Fact-Sheet.pdf,https://www.nivahotelsandresorts.com/wp-content/uploads/2026/05/Renewal-of-Vows-Niva-Kuramathi.pdf,,,events
167,Milaidhoo Island Maldives,https://www.milaidhoo.com/,ok,91,,2026,,2025,2026,2026,2026,2025,2025,,,2025,2026,2027,2026,2026,,https://d1l3wviaauwkfu.cloudfront.net/2026/03/Greg-Finck-to-Host-Exclusive-Photography-Workshop-at-Milaidhoo-Maldives.pdf,,https://d1l3wviaauwkfu.cloudfront.net/2025/07/Destination-Dining-2025.pdf,"factsheet, events"
168,You & Me Maldives,https://www.youandmemaldives.com/,ok,8,2026,2026,,,2026,2011,,2025,,,,,,,,,https://www.neoscapesmaldives.com/wp-content/uploads/GB-_-You-_-Me-Maldives-_-Fact-Sheet-2026.pdf,https://cdnm.heyzine.com/files/uploaded/ad6cddf745cb8d5aca3c2e28c2beece656b9b68f.pdf,,,events
169,Banyan Tree Maldives Vabbinfaru,https://www.banyantree.com/maldives/vabbinfaru,ok,27,2025,,2022,,2024,2026,,,2026,,2024,2019,,,2025,,https://www.neoscapesmaldives.com/wp-content/uploads/Factsheet-Banyan-Tree-Vabbinfaru-compressed.pdf,,https://www.banyantree.com/assets/2022-06/mice-bt-shanghai.pdf,,wedding
170,Cocogiri Island Resort,https://cocogiri.com/,ok,11,2025,,,2024,2025,2023,2023,2025,,,,,,,,,https://cocogiri.com/wp-content/uploads/2025/04/COCOGIRI-ISLAND-FACTSHEET.pdf,,,https://cocogiri.com/wp-content/uploads/2025/04/Candlelight-Dining-Menu.pdf,"wedding, events"
171,Velaa Private Island Maldives,https://www.velaaprivateisland.com/,ok,59,2019,,,,2024,2022,2022,,2021,,2026,2020,,2023,2021,,https://neoscapesmaldives.com/wp-content/uploads/Velaa-Private-Island-Fact-Sheet.pdf,,,,"wedding, events"
172,Mirihi Island Resort,https://www.mirihi.com/,ok,8,2017,,,,,2026,,2026,2026,,,,,2024,2026,,https://sales.crownandchamparesorts.com/wp-content/uploads/2018/04/mirihi_fact_sheet.pdf,,,,"wedding, events"
173,Kurumba Maldives,https://www.nivakurumba.com,ok,89,2026,2026,2026,2023,2026,2026,2026,2026,2026,2020,2026,,2026,2026,,,https://www.nivakurumba.com/wp-content/uploads/2026/02/Kuramathi-Fact-Sheet.pdf,https://www.nivakurumba.com/wp-content/uploads/2026/01/ROV.pdf,https://www.nivakurumba.com/wp-content/uploads/2025/11/Conference-hall-and-VIP-Lounge.pdf,https://document-tc.galaxy.tf/wdpdf-3tpo10ggoy9g0srcocm84to7b/_cms-document.pdf,
174,Vilamendhoo Island Resort,https://www.vilamendhoo.com/,ok,108,2027,2026,,2025,2025,2025,2026,2026,2024,,,2026,2025,2026,2024,,https://img.crownandchamparesorts.com/vlm/VilamendhooFactsheet151126103127Rev050626.pdf,https://dra0pipbd8ype.cloudfront.net/2025/06/HoneymoonGuestInfoRatesVilamendhooVer020525.pdf,,https://dra0pipbd8ype.cloudfront.net/2025/07/Vilamendhoo-Candle-Light-Dinner-Menu-010725.pdf,events
175,Villa Nautica Paradise Island,https://villaresorts.com/villa-nautica/,ok,31,2026,2023,2023,,2025,2025,2026,2026,,2023,2026,2026,,,,,https://d7h9v39iheghu.cloudfront.net/previews/42de57ca-7efe-4d5a-8d86-d9172148eacf/34aa3ec0-d630-4957-8cbf-a4261e08f6c2/185648f3-aab7-4610-b45f-077bc50842e3?Policy=eyJTdGF0ZW1lbnQiOiBbeyJSZXNvdXJjZSI6Imh0dHBzOi8vZDdoOXYzOWloZWdodS5jbG91ZGZyb250Lm5ldC9wcmV2aWV3cy80MmRlNTdjYS03ZWZlLTRkNWEtOGQ4Ni1kOTE3MjE0OGVhY2YqIiwiQ29uZGl0aW9uIjp7IkRhdGVMZXNzVGhhbiI6eyJBV1M6RXBvY2hUaW1lIjoxNzkzNjk2OTU2fX19XX0_&Signature=Vzs-zJl8tl5ac3bWITSsHUZQxqBbKumCntqITMi707QlgNawp35AYETVu1lHU6NlchvstDJ4ejGVpVOhrU-oyvcxqwRXcMBCp7gUdjvEIB7VYeYEz4xQfg2V14KAKWS4NIz4SlHdXWdqmlhoi2S0VtUKbJPqjYa95uNR2ltFKIDtBc5oDkrafWTKW4gIvesGI-rVf79HGAyP4qx871btzz2MdWwRRFNK5Od7jBPE25tRZSgCkrdsNMC6h0PaRFrpAUN4WSxvO4b93M2vvjFy-By6Rw27FQAVU3YHu~jhZ0RH0m-gTjcs4SVkM2Dd6IZ8K0g4UkB5mZwvYClMwvtn1Q__&Key-Pair-Id=APKAJXJN6VNR3OLZJXJA,https://link.assetfile.io/7BzPFO2yqv4Xg3GX5igc4B/Villa+Nautica+-+Weddings+-+Menu.pdf,https://link.assetfile.io/5mM1mCnBIDWvfTyEaE52r7/Villa+Nautica+-+Meetings+and+Events+-+June+2023.pdf,,
176,Villa Park Sun Island,https://villaresorts.com/villa-park/,ok,17,2026,,2021,,2026,,2026,2026,,,2026,2026,,,,,https://d7h9v39iheghu.cloudfront.net/previews/42de57ca-7efe-4d5a-8d86-d9172148eacf/712f206d-41a8-4b34-9995-3943d4414af0/712f206d-41a8-4b34-9995-3943d4414af0?Policy=eyJTdGF0ZW1lbnQiOiBbeyJSZXNvdXJjZSI6Imh0dHBzOi8vZDdoOXYzOWloZWdodS5jbG91ZGZyb250Lm5ldC9wcmV2aWV3cy80MmRlNTdjYS03ZWZlLTRkNWEtOGQ4Ni1kOTE3MjE0OGVhY2YqIiwiQ29uZGl0aW9uIjp7IkRhdGVMZXNzVGhhbiI6eyJBV1M6RXBvY2hUaW1lIjoxNzkzNjk2OTU2fX19XX0_&Signature=Vzs-zJl8tl5ac3bWITSsHUZQxqBbKumCntqITMi707QlgNawp35AYETVu1lHU6NlchvstDJ4ejGVpVOhrU-oyvcxqwRXcMBCp7gUdjvEIB7VYeYEz4xQfg2V14KAKWS4NIz4SlHdXWdqmlhoi2S0VtUKbJPqjYa95uNR2ltFKIDtBc5oDkrafWTKW4gIvesGI-rVf79HGAyP4qx871btzz2MdWwRRFNK5Od7jBPE25tRZSgCkrdsNMC6h0PaRFrpAUN4WSxvO4b93M2vvjFy-By6Rw27FQAVU3YHu~jhZ0RH0m-gTjcs4SVkM2Dd6IZ8K0g4UkB5mZwvYClMwvtn1Q__&Key-Pair-Id=APKAJXJN6VNR3OLZJXJA,,https://link.assetfile.io/3VHQAkKs9LVEglOEYEH45Y/Villa+Park+-+MICE.pdf,,wedding
177,Royal Island Resort and Spa,https://villaresorts.com/royal-island/,ok,18,2026,2022,,,2025,2025,2026,2026,,2026,2022,2026,,2026,,,https://d7h9v39iheghu.cloudfront.net/previews/42de57ca-7efe-4d5a-8d86-d9172148eacf/20af4d23-8283-4d93-8324-afc58428a875/8ef05306-025c-4c59-ade0-6c4b5eac4b00?Policy=eyJTdGF0ZW1lbnQiOiBbeyJSZXNvdXJjZSI6Imh0dHBzOi8vZDdoOXYzOWloZWdodS5jbG91ZGZyb250Lm5ldC9wcmV2aWV3cy80MmRlNTdjYS03ZWZlLTRkNWEtOGQ4Ni1kOTE3MjE0OGVhY2YqIiwiQ29uZGl0aW9uIjp7IkRhdGVMZXNzVGhhbiI6eyJBV1M6RXBvY2hUaW1lIjoxNzkzNjk2OTU2fX19XX0_&Signature=Vzs-zJl8tl5ac3bWITSsHUZQxqBbKumCntqITMi707QlgNawp35AYETVu1lHU6NlchvstDJ4ejGVpVOhrU-oyvcxqwRXcMBCp7gUdjvEIB7VYeYEz4xQfg2V14KAKWS4NIz4SlHdXWdqmlhoi2S0VtUKbJPqjYa95uNR2ltFKIDtBc5oDkrafWTKW4gIvesGI-rVf79HGAyP4qx871btzz2MdWwRRFNK5Od7jBPE25tRZSgCkrdsNMC6h0PaRFrpAUN4WSxvO4b93M2vvjFy-By6Rw27FQAVU3YHu~jhZ0RH0m-gTjcs4SVkM2Dd6IZ8K0g4UkB5mZwvYClMwvtn1Q__&Key-Pair-Id=APKAJXJN6VNR3OLZJXJA,https://d7h9v39iheghu.cloudfront.net/previews/42de57ca-7efe-4d5a-8d86-d9172148eacf/a04cfb91-3093-47ad-959e-c293d7ec08a0/a04cfb91-3093-47ad-959e-c293d7ec08a0?Policy=eyJTdGF0ZW1lbnQiOiBbeyJSZXNvdXJjZSI6Imh0dHBzOi8vZDdoOXYzOWloZWdodS5jbG91ZGZyb250Lm5ldC9wcmV2aWV3cy80MmRlNTdjYS03ZWZlLTRkNWEtOGQ4Ni1kOTE3MjE0OGVhY2YqIiwiQ29uZGl0aW9uIjp7IkRhdGVMZXNzVGhhbiI6eyJBV1M6RXBvY2hUaW1lIjoxNzkzNjk2OTU2fX19XX0_&Signature=Vzs-zJl8tl5ac3bWITSsHUZQxqBbKumCntqITMi707QlgNawp35AYETVu1lHU6NlchvstDJ4ejGVpVOhrU-oyvcxqwRXcMBCp7gUdjvEIB7VYeYEz4xQfg2V14KAKWS4NIz4SlHdXWdqmlhoi2S0VtUKbJPqjYa95uNR2ltFKIDtBc5oDkrafWTKW4gIvesGI-rVf79HGAyP4qx871btzz2MdWwRRFNK5Od7jBPE25tRZSgCkrdsNMC6h0PaRFrpAUN4WSxvO4b93M2vvjFy-By6Rw27FQAVU3YHu~jhZ0RH0m-gTjcs4SVkM2Dd6IZ8K0g4UkB5mZwvYClMwvtn1Q__&Key-Pair-Id=APKAJXJN6VNR3OLZJXJA,,,events
178,Diamonds Athuruga Beach & Water Villas,https://www.diamondsresorts.com/en/diamonds-athuruga,ok,14,2026,,,,2020,,2019,,2017,,2019,2018,,,,,https://d1vp8nomjxwyf1.cloudfront.net/wp-content/uploads/sites/544/2022/10/27105422/Diamonds-Leisure-Beach-Golf-Resort-Fact-Sheet-2026.pdf,,,,"wedding, events"
179,Siyam World Maldives,https://www.sunsiyam.com/siyam-world/,ok,8,2026,2025,,,2025,,2023,,,,,2026,,,,,https://www.sunsiyam.com/media/ofahluyo/factsheet-siyam-world-2026.pdf,https://www.sunsiyam.com/media/grbf53ce/ultimate-honeymoon-sw.pdf,,,events
180,"Lux* South Ari Atoll, Maldives",https://www.luxresorts.com/en/maldives/hotel/luxsouthariatoll,unreachable,4,2025,,,,2019,,,,,,,,,2027,,,https://www.neoscapesmaldives.com/wp-content/uploads/LUX_-South-Ari-Atoll-Factsheet-ENG.pdf,,,,"wedding, events"
181,Yash Nature Resort,https://yashnatureresort.com/,unreachable,0,,,,,,,,,,,,,,,,,,,,,"factsheet, wedding, events"
182,Kuredhivaru Resort and Spa,https://www.kuredhivaru.com/,ok,2,2025,,,,,,,,,,,,,,,,https://www.neoscapesmaldives.com/wp-content/uploads/Kuredhivaru-Resort-And-Spa-Factsheet-ENG.pdf,,,,"wedding, events"
